{"Mean Squared Error": 2936.483781870507, "R\u00b2 Score": 0.4457531755875668}